{
    "class StarParticle": {
        "DispalyParticleTime": 0.05000000074505806,
        "EmitBlur": 0.5,
        "EmitInterval": 0.125,
        "MaxParticleCount": 15,
        "MaxSize": 0.8500000238418579,
        "MinSize": 0.44999998807907104,
        "ParticleAcceleration": [
            0.0,
            0.0,
            0.0
        ],
        "ParticleAliveTime": 1.25,
        "ParticleVelocity": [
            0.0,
            0.0,
            0.054999999701976776
        ],
        "RotationAmount": 0.02500000037252903,
        "test": 52.060001373291016
    }
}
