{
    "ClearBleak": {
        "KeyCount": 2,
        "key : 0AnimationTime": 1.0,
        "key : 0Arm_L_Rotate": [
            0.0,
            -0.38999998569488525,
            -0.25
        ],
        "key : 0Arm_L_Scale": [
            1.0,
            1.0,
            1.0
        ],
        "key : 0Arm_L_Translate": [
            0.15000000596046448,
            0.0,
            0.0
        ],
        "key : 0Arm_R_Rotate": [
            2.869999885559082,
            0.0,
            -0.6499999761581421
        ],
        "key : 0Arm_R_Scale": [
            1.0,
            1.0,
            1.0
        ],
        "key : 0Arm_R_Translate": [
            -0.30000001192092896,
            0.0,
            0.0
        ],
        "key : 0Body_Rotate": [
            0.11999999731779099,
            -0.17499999701976776,
            -0.17499999701976776
        ],
        "key : 0Body_Scale": [
            0.9300000071525574,
            1.1749999523162842,
            1.0
        ],
        "key : 0Body_Translate": [
            0.0,
            1.5,
            0.0
        ],
        "key : 0EasingType": 3,
        "key : 0Eye_Rotate": [
            0.0,
            0.0,
            0.0
        ],
        "key : 0Eye_Scale": [
            1.0,
            1.0,
            1.0
        ],
        "key : 0Eye_Translate": [
            0.0,
            0.0,
            0.0
        ],
        "key : 0Foot_L_Rotate": [
            -2.0,
            0.0,
            0.0
        ],
        "key : 0Foot_L_Scale": [
            1.0,
            1.0,
            1.0
        ],
        "key : 0Foot_L_Translate": [
            0.0,
            0.05000000074505806,
            -0.8999999761581421
        ],
        "key : 0Foot_R_Rotate": [
            -2.0,
            0.0,
            0.0
        ],
        "key : 0Foot_R_Scale": [
            1.0,
            1.0,
            1.0
        ],
        "key : 0Foot_R_Translate": [
            0.0,
            0.15000000596046448,
            -0.8999999761581421
        ],
        "key : 0Ling_Rotate": [
            0.0,
            0.0,
            0.0
        ],
        "key : 0Ling_Scale": [
            1.0,
            1.0,
            1.0
        ],
        "key : 0Ling_Translate": [
            0.0,
            1.5,
            0.0
        ],
        "key : 0RotateSpeed": 0.05000000074505806,
        "key : 1AnimationTime": 1.0,
        "key : 1Arm_L_Rotate": [
            0.0,
            -0.46000000834465027,
            -0.30000001192092896
        ],
        "key : 1Arm_L_Scale": [
            1.0,
            1.0,
            1.0
        ],
        "key : 1Arm_L_Translate": [
            0.20000000298023224,
            0.0,
            0.0
        ],
        "key : 1Arm_R_Rotate": [
            2.869999885559082,
            0.0,
            -0.75
        ],
        "key : 1Arm_R_Scale": [
            1.0,
            1.0,
            1.0
        ],
        "key : 1Arm_R_Translate": [
            -0.32499998807907104,
            0.0,
            0.0
        ],
        "key : 1Body_Rotate": [
            0.11999999731779099,
            -0.17499999701976776,
            -0.17499999701976776
        ],
        "key : 1Body_Scale": [
            0.9150000214576721,
            1.2000000476837158,
            1.0
        ],
        "key : 1Body_Translate": [
            0.0,
            1.524999976158142,
            0.0
        ],
        "key : 1EasingType": 3,
        "key : 1Eye_Rotate": [
            0.0,
            0.0,
            0.0
        ],
        "key : 1Eye_Scale": [
            1.0,
            1.0,
            1.0
        ],
        "key : 1Eye_Translate": [
            0.0,
            0.0,
            0.0
        ],
        "key : 1Foot_L_Rotate": [
            -2.25,
            0.0,
            0.0
        ],
        "key : 1Foot_L_Scale": [
            1.0,
            1.0,
            1.0
        ],
        "key : 1Foot_L_Translate": [
            0.0,
            -0.25,
            -0.75
        ],
        "key : 1Foot_R_Rotate": [
            -2.25,
            0.0,
            0.0
        ],
        "key : 1Foot_R_Scale": [
            1.0,
            1.0,
            1.0
        ],
        "key : 1Foot_R_Translate": [
            0.0,
            0.0,
            -0.75
        ],
        "key : 1Ling_Rotate": [
            0.0,
            0.0,
            0.0
        ],
        "key : 1Ling_Scale": [
            1.0,
            1.0,
            1.0
        ],
        "key : 1Ling_Translate": [
            0.0,
            1.75,
            0.0
        ],
        "key : 1RotateSpeed": 0.05000000074505806
    }
}
