{
    "GoalAnimParameters": {
        "OffsetRotate0": [
            0.10000000149011612,
            0.0,
            0.20000000298023224
        ],
        "OffsetRotate1": [
            0.10000000149011612,
            3.140000104904175,
            0.20000000298023224
        ],
        "OffsetRotate2": [
            0.10000000149011612,
            0.0,
            0.20000000298023224
        ],
        "OffsetRotate5": [
            -0.10000000149011612,
            -1.899999976158142,
            0.20000000298023224
        ],
        "OffsetTranslate0": [
            0.0,
            1.5,
            -5.0
        ],
        "OffsetTranslate1": [
            0.0,
            1.5,
            -5.0
        ],
        "OffsetTranslate2": [
            0.0,
            1.5,
            -5.0
        ],
        "OffsetTranslate5": [
            0.0,
            1.5,
            -5.0
        ],
        "PlayerRotateY0": 0.0,
        "PlayerRotateY1": 3.140000104904175,
        "PlayerRotateY2": 0.0,
        "PlayerRotateY5": -1.899999976158142
    }
}
