{
    "Hovering": {
        "KeyCount": 2,
        "key : 0AnimationTime": 1.25,
        "key : 0Arm_L_Rotate": [
            0.0,
            0.0,
            0.8999999761581421
        ],
        "key : 0Arm_L_Scale": [
            1.0,
            1.0,
            1.0
        ],
        "key : 0Arm_L_Translate": [
            0.44999998807907104,
            0.0,
            0.0
        ],
        "key : 0Arm_R_Rotate": [
            0.0,
            0.0,
            -0.8999999761581421
        ],
        "key : 0Arm_R_Scale": [
            1.0,
            1.0,
            1.0
        ],
        "key : 0Arm_R_Translate": [
            -0.44999998807907104,
            0.0,
            0.0
        ],
        "key : 0Body_Rotate": [
            0.10000000149011612,
            0.0,
            0.0
        ],
        "key : 0Body_Scale": [
            0.8999999761581421,
            1.125,
            1.0
        ],
        "key : 0Body_Translate": [
            0.0,
            0.4749999940395355,
            0.0
        ],
        "key : 0EasingType": 3,
        "key : 0Eye_Rotate": [
            0.0,
            0.0,
            0.0
        ],
        "key : 0Eye_Scale": [
            1.0,
            1.0,
            1.0
        ],
        "key : 0Eye_Translate": [
            0.0,
            0.0,
            0.0
        ],
        "key : 0Foot_L_Rotate": [
            1.5,
            -0.800000011920929,
            -0.6499999761581421
        ],
        "key : 0Foot_L_Scale": [
            1.0,
            1.0,
            1.0
        ],
        "key : 0Foot_L_Translate": [
            0.25,
            0.45500001311302185,
            0.0
        ],
        "key : 0Foot_R_Rotate": [
            1.5,
            0.800000011920929,
            0.6499999761581421
        ],
        "key : 0Foot_R_Scale": [
            1.0,
            1.0,
            1.0
        ],
        "key : 0Foot_R_Translate": [
            -0.25,
            0.44999998807907104,
            0.0
        ],
        "key : 0Ling_Rotate": [
            0.0,
            0.0,
            0.0
        ],
        "key : 0Ling_Scale": [
            1.0,
            1.0,
            1.0
        ],
        "key : 0Ling_Translate": [
            0.0,
            0.4749999940395355,
            0.0
        ],
        "key : 0RotateSpeed": 0.05000000074505806,
        "key : 1AnimationTime": 1.5,
        "key : 1Arm_L_Rotate": [
            0.0,
            0.0,
            0.75
        ],
        "key : 1Arm_L_Scale": [
            1.0,
            1.0,
            1.0
        ],
        "key : 1Arm_L_Translate": [
            0.3499999940395355,
            0.0,
            0.0
        ],
        "key : 1Arm_R_Rotate": [
            0.0,
            0.0,
            -0.75
        ],
        "key : 1Arm_R_Scale": [
            1.0,
            1.0,
            1.0
        ],
        "key : 1Arm_R_Translate": [
            -0.3499999940395355,
            0.0,
            0.0
        ],
        "key : 1Body_Rotate": [
            0.0,
            0.0,
            0.0
        ],
        "key : 1Body_Scale": [
            0.949999988079071,
            1.100000023841858,
            1.0
        ],
        "key : 1Body_Translate": [
            0.0,
            0.42500001192092896,
            0.0
        ],
        "key : 1EasingType": 3,
        "key : 1Eye_Rotate": [
            0.0,
            0.0,
            0.0
        ],
        "key : 1Eye_Scale": [
            1.0,
            1.0,
            1.0
        ],
        "key : 1Eye_Translate": [
            0.0,
            0.0,
            0.0
        ],
        "key : 1Foot_L_Rotate": [
            1.5,
            -0.800000011920929,
            -0.550000011920929
        ],
        "key : 1Foot_L_Scale": [
            1.0,
            1.0,
            1.0
        ],
        "key : 1Foot_L_Translate": [
            0.25,
            0.45500001311302185,
            0.0
        ],
        "key : 1Foot_R_Rotate": [
            1.5,
            0.800000011920929,
            0.550000011920929
        ],
        "key : 1Foot_R_Scale": [
            1.0,
            1.0,
            1.0
        ],
        "key : 1Foot_R_Translate": [
            -0.25,
            0.44999998807907104,
            0.0
        ],
        "key : 1Ling_Rotate": [
            0.0,
            0.0,
            0.0
        ],
        "key : 1Ling_Scale": [
            1.0,
            1.0,
            1.0
        ],
        "key : 1Ling_Translate": [
            0.0,
            0.42500001192092896,
            0.0
        ],
        "key : 1RotateSpeed": 0.05000000074505806
    }
}
