{
    "Idle": {
        "IdleEndArm_L_Rotate": [
            -0.30000001192092896,
            0.0,
            -0.10000000149011612
        ],
        "IdleEndArm_L_Scale": [
            1.0,
            1.0,
            1.0
        ],
        "IdleEndArm_L_Translate": [
            0.0,
            0.0,
            0.0
        ],
        "IdleEndArm_R_Rotate": [
            -0.30000001192092896,
            0.0,
            -0.10000000149011612
        ],
        "IdleEndArm_R_Scale": [
            1.0,
            1.0,
            1.0
        ],
        "IdleEndArm_R_Translate": [
            0.0,
            0.0,
            0.0
        ],
        "IdleEndBody_Rotate": [
            -0.029999999329447746,
            0.0,
            0.0
        ],
        "IdleEndBody_Scale": [
            1.024999976158142,
            0.9850000143051147,
            1.0
        ],
        "IdleEndBody_Translate": [
            0.0,
            0.0,
            0.05000000074505806
        ],
        "IdleEndEye_Rotate": [
            0.0,
            0.0,
            0.0
        ],
        "IdleEndEye_Scale": [
            1.0,
            0.8999999761581421,
            1.0
        ],
        "IdleEndEye_Translate": [
            0.0,
            0.0,
            0.0
        ],
        "IdleEndFoot_L_Rotate": [
            0.0,
            0.0,
            0.0
        ],
        "IdleEndFoot_L_Scale": [
            1.0,
            1.0,
            1.0
        ],
        "IdleEndFoot_L_Translate": [
            0.0,
            0.0,
            0.0
        ],
        "IdleEndFoot_R_Rotate": [
            0.0,
            0.0,
            0.0
        ],
        "IdleEndFoot_R_Scale": [
            1.0,
            1.0,
            1.0
        ],
        "IdleEndFoot_R_Translate": [
            0.0,
            0.0,
            0.0
        ],
        "IdleEndLing_Rotate": [
            0.0,
            0.0,
            0.0
        ],
        "IdleEndLing_Scale": [
            1.0,
            1.0,
            1.0
        ],
        "IdleEndLing_Translate": [
            0.0,
            0.0,
            0.0
        ],
        "IdleStartArm_L_Rotate": [
            0.30000001192092896,
            0.0,
            0.10000000149011612
        ],
        "IdleStartArm_L_Scale": [
            1.0,
            1.0,
            1.0
        ],
        "IdleStartArm_L_Translate": [
            0.0,
            0.0,
            0.0
        ],
        "IdleStartArm_R_Rotate": [
            0.30000001192092896,
            0.0,
            0.10000000149011612
        ],
        "IdleStartArm_R_Scale": [
            1.0,
            1.0,
            1.0
        ],
        "IdleStartArm_R_Translate": [
            0.0,
            0.0,
            0.0
        ],
        "IdleStartBody_Rotate": [
            0.0,
            0.0,
            0.0
        ],
        "IdleStartBody_Scale": [
            0.9750000238418579,
            1.0149999856948853,
            1.0
        ],
        "IdleStartBody_Translate": [
            0.0,
            0.05000000074505806,
            0.0
        ],
        "IdleStartEye_Rotate": [
            0.0,
            0.0,
            0.0
        ],
        "IdleStartEye_Scale": [
            1.0,
            1.0,
            1.0
        ],
        "IdleStartEye_Translate": [
            0.0,
            0.0,
            0.0
        ],
        "IdleStartFoot_L_Rotate": [
            0.0,
            0.0,
            0.0
        ],
        "IdleStartFoot_L_Scale": [
            1.0,
            1.0,
            1.0
        ],
        "IdleStartFoot_L_Translate": [
            0.0,
            0.0,
            0.0
        ],
        "IdleStartFoot_R_Rotate": [
            0.0,
            0.0,
            0.0
        ],
        "IdleStartFoot_R_Scale": [
            1.0,
            1.0,
            1.0
        ],
        "IdleStartFoot_R_Translate": [
            0.0,
            0.0,
            0.0
        ],
        "IdleStartLing_Rotate": [
            0.0,
            0.0,
            0.0
        ],
        "IdleStartLing_Scale": [
            1.0,
            1.0,
            1.0
        ],
        "IdleStartLing_Translate": [
            0.0,
            0.0,
            0.0
        ],
        "Idle_AnimationTime": 2.0
    }
}
