{
    "Move": {
        "MoveEndArm_L_Rotate": [
            -1.649999976158142,
            0.0,
            0.0
        ],
        "MoveEndArm_L_Scale": [
            1.0,
            1.0,
            1.0
        ],
        "MoveEndArm_L_Translate": [
            0.0,
            0.0,
            0.25
        ],
        "MoveEndArm_R_Rotate": [
            1.649999976158142,
            0.0,
            0.0
        ],
        "MoveEndArm_R_Scale": [
            1.0,
            1.0,
            1.0
        ],
        "MoveEndArm_R_Translate": [
            0.0,
            0.0,
            -0.25
        ],
        "MoveEndBody_Rotate": [
            -0.05000000074505806,
            -0.15000000596046448,
            0.0
        ],
        "MoveEndBody_Scale": [
            1.0,
            1.0,
            1.0
        ],
        "MoveEndBody_Translate": [
            0.0,
            0.05000000074505806,
            0.0
        ],
        "MoveEndEye_Rotate": [
            0.0,
            0.0,
            0.0
        ],
        "MoveEndEye_Scale": [
            1.0,
            1.0,
            1.0
        ],
        "MoveEndEye_Translate": [
            0.0,
            0.0,
            0.0
        ],
        "MoveEndFoot_L_Rotate": [
            0.550000011920929,
            0.0,
            0.0
        ],
        "MoveEndFoot_L_Scale": [
            1.0,
            1.0,
            1.0
        ],
        "MoveEndFoot_L_Translate": [
            0.0,
            0.0,
            -0.5
        ],
        "MoveEndFoot_R_Rotate": [
            -0.550000011920929,
            0.0,
            0.0
        ],
        "MoveEndFoot_R_Scale": [
            1.0,
            1.0,
            1.0
        ],
        "MoveEndFoot_R_Translate": [
            0.0,
            0.0,
            1.0
        ],
        "MoveEndLing_Rotate": [
            0.0,
            0.0,
            0.0
        ],
        "MoveEndLing_Scale": [
            1.0,
            1.0,
            1.0
        ],
        "MoveEndLing_Translate": [
            0.0,
            0.0,
            0.0
        ],
        "MoveStartArm_L_Rotate": [
            1.649999976158142,
            0.0,
            0.0
        ],
        "MoveStartArm_L_Scale": [
            1.0,
            1.0,
            1.0
        ],
        "MoveStartArm_L_Translate": [
            0.0,
            0.0,
            -0.25
        ],
        "MoveStartArm_R_Rotate": [
            -1.649999976158142,
            0.0,
            0.0
        ],
        "MoveStartArm_R_Scale": [
            1.0,
            1.0,
            1.0
        ],
        "MoveStartArm_R_Translate": [
            0.0,
            0.0,
            0.25
        ],
        "MoveStartBody_Rotate": [
            -0.05000000074505806,
            0.15000000596046448,
            0.0
        ],
        "MoveStartBody_Scale": [
            1.0,
            1.0,
            1.0
        ],
        "MoveStartBody_Translate": [
            0.0,
            0.0,
            0.0
        ],
        "MoveStartEye_Rotate": [
            0.0,
            0.0,
            0.0
        ],
        "MoveStartEye_Scale": [
            1.0,
            1.0,
            1.0
        ],
        "MoveStartEye_Translate": [
            0.0,
            0.0,
            0.0
        ],
        "MoveStartFoot_L_Rotate": [
            -0.550000011920929,
            0.0,
            0.0
        ],
        "MoveStartFoot_L_Scale": [
            1.0,
            1.0,
            1.0
        ],
        "MoveStartFoot_L_Translate": [
            0.0,
            0.0,
            0.5
        ],
        "MoveStartFoot_R_Rotate": [
            0.550000011920929,
            0.0,
            0.0
        ],
        "MoveStartFoot_R_Scale": [
            1.0,
            1.0,
            1.0
        ],
        "MoveStartFoot_R_Translate": [
            0.0,
            0.0,
            -0.5
        ],
        "MoveStartLing_Rotate": [
            0.0,
            0.0,
            0.0
        ],
        "MoveStartLing_Scale": [
            1.0,
            1.0,
            1.0
        ],
        "MoveStartLing_Translate": [
            0.0,
            0.0,
            0.0
        ],
        "Move_AnimationTime": 0.75
    }
}
