{
    "Move": {
        "KeyCount": 5,
        "key : 0AnimationTime": 0.15000000596046448,
        "key : 0Arm_L_Rotate": [
            0.6000000238418579,
            0.0,
            0.0
        ],
        "key : 0Arm_L_Scale": [
            1.0,
            1.0,
            1.0
        ],
        "key : 0Arm_L_Translate": [
            0.0,
            0.0,
            0.0
        ],
        "key : 0Arm_R_Rotate": [
            -0.6000000238418579,
            0.0,
            0.0
        ],
        "key : 0Arm_R_Scale": [
            1.0,
            1.0,
            1.0
        ],
        "key : 0Arm_R_Translate": [
            0.0,
            0.0,
            0.0
        ],
        "key : 0Body_Rotate": [
            -0.05000000074505806,
            0.15000000596046448,
            0.0
        ],
        "key : 0Body_Scale": [
            1.024999976158142,
            0.9750000238418579,
            1.0
        ],
        "key : 0Body_Translate": [
            0.0,
            0.0,
            0.0
        ],
        "key : 0EasingType": 1,
        "key : 0Eye_Rotate": [
            0.0,
            0.0,
            0.0
        ],
        "key : 0Eye_Scale": [
            1.0,
            1.0,
            1.0
        ],
        "key : 0Eye_Translate": [
            0.0,
            0.0,
            0.0
        ],
        "key : 0Foot_L_Rotate": [
            -0.6000000238418579,
            0.0,
            0.0
        ],
        "key : 0Foot_L_Scale": [
            1.0,
            1.0,
            1.0
        ],
        "key : 0Foot_L_Translate": [
            0.0,
            0.0,
            0.5
        ],
        "key : 0Foot_R_Rotate": [
            0.6000000238418579,
            0.0,
            0.0
        ],
        "key : 0Foot_R_Scale": [
            1.0,
            1.0,
            1.0
        ],
        "key : 0Foot_R_Translate": [
            0.0,
            0.0,
            -0.5
        ],
        "key : 0Ling_Rotate": [
            0.0,
            0.0,
            0.0
        ],
        "key : 0Ling_Scale": [
            1.0,
            1.0,
            1.0
        ],
        "key : 0Ling_Translate": [
            0.0,
            0.0,
            0.0
        ],
        "key : 1AnimationTime": 0.10000000149011612,
        "key : 1Arm_L_Rotate": [
            0.0,
            0.0,
            0.0
        ],
        "key : 1Arm_L_Scale": [
            1.0,
            1.0,
            1.0
        ],
        "key : 1Arm_L_Translate": [
            0.0,
            0.0,
            0.0
        ],
        "key : 1Arm_R_Rotate": [
            0.0,
            0.0,
            0.0
        ],
        "key : 1Arm_R_Scale": [
            1.0,
            1.0,
            1.0
        ],
        "key : 1Arm_R_Translate": [
            0.0,
            0.0,
            0.0
        ],
        "key : 1Body_Rotate": [
            0.0,
            0.0,
            0.0
        ],
        "key : 1Body_Scale": [
            0.9750000238418579,
            1.024999976158142,
            1.0
        ],
        "key : 1Body_Translate": [
            0.0,
            0.02500000037252903,
            0.0
        ],
        "key : 1EasingType": 3,
        "key : 1Eye_Rotate": [
            0.0,
            0.0,
            0.0
        ],
        "key : 1Eye_Scale": [
            1.0,
            1.0,
            1.0
        ],
        "key : 1Eye_Translate": [
            0.0,
            0.0,
            0.0
        ],
        "key : 1Foot_L_Rotate": [
            0.0,
            0.0,
            0.0
        ],
        "key : 1Foot_L_Scale": [
            1.0,
            1.0,
            1.0
        ],
        "key : 1Foot_L_Translate": [
            0.0,
            0.0,
            0.0
        ],
        "key : 1Foot_R_Rotate": [
            0.0,
            0.0,
            0.0
        ],
        "key : 1Foot_R_Scale": [
            1.0,
            1.0,
            1.0
        ],
        "key : 1Foot_R_Translate": [
            0.0,
            0.0,
            0.0
        ],
        "key : 1Ling_Rotate": [
            0.0,
            0.0,
            0.0
        ],
        "key : 1Ling_Scale": [
            1.0,
            1.0,
            1.0
        ],
        "key : 1Ling_Translate": [
            0.0,
            0.0,
            0.0
        ],
        "key : 2AnimationTime": 0.15000000596046448,
        "key : 2Arm_L_Rotate": [
            -0.6000000238418579,
            0.0,
            0.0
        ],
        "key : 2Arm_L_Scale": [
            1.0,
            1.0,
            1.0
        ],
        "key : 2Arm_L_Translate": [
            0.0,
            0.0,
            0.0
        ],
        "key : 2Arm_R_Rotate": [
            0.6000000238418579,
            0.0,
            0.0
        ],
        "key : 2Arm_R_Scale": [
            1.0,
            1.0,
            1.0
        ],
        "key : 2Arm_R_Translate": [
            0.0,
            0.0,
            0.0
        ],
        "key : 2Body_Rotate": [
            -0.05000000074505806,
            -0.15000000596046448,
            0.0
        ],
        "key : 2Body_Scale": [
            1.024999976158142,
            0.9750000238418579,
            1.0
        ],
        "key : 2Body_Translate": [
            0.0,
            0.0,
            0.0
        ],
        "key : 2EasingType": 1,
        "key : 2Eye_Rotate": [
            0.0,
            0.0,
            0.0
        ],
        "key : 2Eye_Scale": [
            1.0,
            1.0,
            1.0
        ],
        "key : 2Eye_Translate": [
            0.0,
            0.0,
            0.0
        ],
        "key : 2Foot_L_Rotate": [
            0.6000000238418579,
            0.0,
            0.0
        ],
        "key : 2Foot_L_Scale": [
            1.0,
            1.0,
            1.0
        ],
        "key : 2Foot_L_Translate": [
            0.0,
            0.0,
            -0.5
        ],
        "key : 2Foot_R_Rotate": [
            -0.6000000238418579,
            0.0,
            0.0
        ],
        "key : 2Foot_R_Scale": [
            1.0,
            1.0,
            1.0
        ],
        "key : 2Foot_R_Translate": [
            0.0,
            0.0,
            0.5
        ],
        "key : 2Ling_Rotate": [
            0.0,
            0.0,
            0.0
        ],
        "key : 2Ling_Scale": [
            1.0,
            1.0,
            1.0
        ],
        "key : 2Ling_Translate": [
            0.0,
            0.0,
            0.0
        ],
        "key : 3AnimationTime": 0.10000000149011612,
        "key : 3Arm_L_Rotate": [
            0.0,
            0.0,
            0.0
        ],
        "key : 3Arm_L_Scale": [
            1.0,
            1.0,
            1.0
        ],
        "key : 3Arm_L_Translate": [
            0.0,
            0.0,
            0.0
        ],
        "key : 3Arm_R_Rotate": [
            0.0,
            0.0,
            0.0
        ],
        "key : 3Arm_R_Scale": [
            1.0,
            1.0,
            1.0
        ],
        "key : 3Arm_R_Translate": [
            0.0,
            0.0,
            0.0
        ],
        "key : 3Body_Rotate": [
            0.0,
            0.0,
            0.0
        ],
        "key : 3Body_Scale": [
            0.9750000238418579,
            1.024999976158142,
            1.0
        ],
        "key : 3Body_Translate": [
            0.0,
            0.02500000037252903,
            0.0
        ],
        "key : 3EasingType": 3,
        "key : 3Eye_Rotate": [
            0.0,
            0.0,
            0.0
        ],
        "key : 3Eye_Scale": [
            1.0,
            1.0,
            1.0
        ],
        "key : 3Eye_Translate": [
            0.0,
            0.0,
            0.0
        ],
        "key : 3Foot_L_Rotate": [
            0.0,
            0.0,
            0.0
        ],
        "key : 3Foot_L_Scale": [
            1.0,
            1.0,
            1.0
        ],