{
    "Player": {
        "JumpDeceleration": 0.8999999761581421,
        "JumpPower": 7.5,
        "JumpSpeed": 0.10000000149011612,
        "MoveSpeed": 500.0
    }
}
