{
    "RotateEnd": {
        "KeyCount": 2,
        "key : 0AnimationTime": 0.44999998807907104,
        "key : 0Arm_L_Rotate": [
            -0.800000011920929,
            0.0,
            -0.3499999940395355
        ],
        "key : 0Arm_L_Scale": [
            1.0,
            1.0,
            1.0
        ],
        "key : 0Arm_L_Translate": [
            0.0,
            0.0,
            0.0
        ],
        "key : 0Arm_R_Rotate": [
            -0.800000011920929,
            0.0,
            0.3499999940395355
        ],
        "key : 0Arm_R_Scale": [
            1.0,
            1.0,
            1.0
        ],
        "key : 0Arm_R_Translate": [
            0.0,
            0.0,
            0.0
        ],
        "key : 0Body_Rotate": [
            -2.700000047683716,
            0.0,
            0.0
        ],
        "key : 0Body_Scale": [
            0.949999988079071,
            1.0499999523162842,
            1.0
        ],
        "key : 0Body_Translate": [
            0.0,
            0.5,
            0.0
        ],
        "key : 0EasingType": 0,
        "key : 0Eye_Rotate": [
            0.0,
            0.0,
            0.0
        ],
        "key : 0Eye_Scale": [
            1.0,
            1.0,
            1.0
        ],
        "key : 0Eye_Translate": [
            0.0,
            0.0,
            0.0
        ],
        "key : 0Foot_L_Rotate": [
            -3.630000114440918,
            0.0,
            0.15000000596046448
        ],
        "key : 0Foot_L_Scale": [
            1.0,
            1.0,
            1.0
        ],
        "key : 0Foot_L_Translate": [
            0.0,
            0.699999988079071,
            0.6000000238418579
        ],
        "key : 0Foot_R_Rotate": [
            -3.630000114440918,
            0.0,
            -0.15000000596046448
        ],
        "key : 0Foot_R_Scale": [
            1.0,
            1.0,
            1.0
        ],
        "key : 0Foot_R_Translate": [
            0.0,
            0.699999988079071,
            0.6000000238418579
        ],
        "key : 0Ling_Rotate": [
            0.0,
            0.0,
            0.0
        ],
        "key : 0Ling_Scale": [
            5.0,
            5.0,
            5.0
        ],
        "key : 0Ling_Translate": [
            0.0,
            -10.0,
            0.0
        ],
        "key : 0RotateSpeed": 0.05000000074505806,
        "key : 1AnimationTime": 0.3499999940395355,
        "key : 1Arm_L_Rotate": [
            -0.800000011920929,
            0.0,
            -0.3499999940395355
        ],
        "key : 1Arm_L_Scale": [
            1.0,
            1.0,
            1.0
        ],
        "key : 1Arm_L_Translate": [
            0.0,
            0.0,
            0.0
        ],
        "key : 1Arm_R_Rotate": [
            -0.800000011920929,
            0.0,
            0.3499999940395355
        ],
        "key : 1Arm_R_Scale": [
            1.0,
            1.0,
            1.0
        ],
        "key : 1Arm_R_Translate": [
            0.0,
            0.0,
            0.0
        ],
        "key : 1Body_Rotate": [
            -2.700000047683716,
            0.0,
            0.0
        ],
        "key : 1Body_Scale": [
            0.949999988079071,
            1.0499999523162842,
            1.0
        ],
        "key : 1Body_Translate": [
            0.0,
            0.0,
            0.0
        ],
        "key : 1EasingType": 3,
        "key : 1Eye_Rotate": [
            0.0,
            0.0,
            0.0
        ],
        "key : 1Eye_Scale": [
            1.0,
            1.0,
            1.0
        ],
        "key : 1Eye_Translate": [
            0.0,
            0.0,
            0.0
        ],
        "key : 1Foot_L_Rotate": [
            -3.630000114440918,
            0.0,
            0.15000000596046448
        ],
        "key : 1Foot_L_Scale": [
            1.0,
            1.0,
            1.0
        ],
        "key : 1Foot_L_Translate": [
            0.0,
            0.25,
            0.6000000238418579
        ],
        "key : 1Foot_R_Rotate": [
            -3.630000114440918,
            0.0,
            -0.15000000596046448
        ],
        "key : 1Foot_R_Scale": [
            1.0,
            1.0,
            1.0
        ],
        "key : 1Foot_R_Translate": [
            0.0,
            0.25,
            0.6000000238418579
        ],
        "key : 1Ling_Rotate": [
            0.0,
            0.0,
            0.0
        ],
        "key : 1Ling_Scale": [
            5.0,
            5.0,
            5.0
        ],
        "key : 1Ling_Translate": [
            0.0,
            -3.5799999237060547,
            0.0
        ],
        "key : 1RotateSpeed": 0.05000000074505806,
        "key : 2AnimationTime": 1.2999999523162842,
        "key : 2Arm_L_Rotate": [
            -0.800000011920929,
            0.0,
            0.0
        ],
        "key : 2Arm_L_Scale": [
            1.0,
            1.0,
            1.0
        ],
        "key : 2Arm_L_Translate": [
            0.0,
            0.0,
            0.0
        ],
        "key : 2Arm_R_Rotate": [
            -0.800000011920929,
            0.0,
            0.3499999940395355
        ],
        "key : 2Arm_R_Scale": [
            1.0,
            1.0,
            1.0
        ],
        "key : 2Arm_R_Translate": [
            0.0,
            0.0,
            0.0
        ],
        "key : 2Body_Rotate": [
            -6.2831854820251465,
            0.0,
            0.0
        ],
        "key : 2Body_Scale": [
            0.949999988079071,
            1.0499999523162842,
            1.0
        ],
        "key : 2Body_Translate": [
            0.0,
            0.0,
            0.0
        ],
        "key : 2EasingType": 2,
        "key : 2Eye_Rotate": [
            0.0,
            0.0,
            0.0
        ],
        "key : 2Eye_Scale": [
            1.0,
            1.0,
            1.0
        ],
        "key : 2Eye_Translate": [
            0.0,
            0.0,
            0.0
        ],
        "key : 2Foot_L_Rotate": [
            -6.2831854820251465,
            0.0,
            0.15000000596046448
        ],
        "key : 2Foot_L_Scale": [
            1.0,
            1.0,
            1.0
        ],
        "key : 2Foot_L_Translate": [
            -0.12999999523162842,
            0.0,
            0.6000000238418579
        ],
        "key : 2Foot_R_Rotate": [
            -6.2831854820251465,
            0.0,
            -0.15000000596046448
        ],
        "key : 2Foot_R_Scale": [
            1.0,
            1.0,
            1.0
        ],
        "key : 2Foot_R_Translate": [
            0.0,
            0.0,
            0.6000000238418579
        ],
        "key : 2Ling_Rotate": [
            0.0,
            0.0,
            0.0
        ],
        "key : 2Ling_Scale": [
            5.0,
            5.0,
            5.0
        ],
        "key : 2Ling_Translate": [
            0.0,
            0.0,
            0.0
        ],
        "key : 2RotateSpeed": 0.05000000074505806
    }
}
