{
    "Rotating": {
        "KeyCount": 2,
        "key : 0AnimationTime": 2.1500000953674316,
        "key : 0Arm_L_Rotate": [
            0.949999988079071,
            0.8500000238418579,
            0.0
        ],
        "key : 0Arm_L_Scale": [
            1.0,
            1.0,
            1.0
        ],
        "key : 0Arm_L_Translate": [
            -0.25,
            -0.3499999940395355,
            0.0
        ],
        "key : 0Arm_R_Rotate": [
            0.949999988079071,
            -0.8500000238418579,
            0.0
        ],
        "key : 0Arm_R_Scale": [
            1.0,
            1.0,
            1.0
        ],
        "key : 0Arm_R_Translate": [
            0.25,
            -0.3499999940395355,
            0.0
        ],
        "key : 0Body_Rotate": [
            -0.44999998807907104,
            0.0,
            0.0
        ],
        "key : 0Body_Scale": [
            1.0499999523162842,
            0.949999988079071,
            1.0
        ],
        "key : 0Body_Translate": [
            0.0,
            0.3499999940395355,
            0.0
        ],
        "key : 0EasingType": 3,
        "key : 0Eye_Rotate": [
            0.0,
            0.0,
            0.0
        ],
        "key : 0Eye_Scale": [
            1.0,
            1.0,
            1.0
        ],
        "key : 0Eye_Translate": [
            0.0,
            0.0,
            0.0
        ],
        "key : 0Foot_L_Rotate": [
            1.0,
            -1.149999976158142,
            0.0
        ],
        "key : 0Foot_L_Scale": [
            1.0,
            1.0,
            1.0
        ],
        "key : 0Foot_L_Translate": [
            0.0,
            -0.20000000298023224,
            0.0
        ],
        "key : 0Foot_R_Rotate": [
            1.0,
            1.149999976158142,
            0.0
        ],
        "key : 0Foot_R_Scale": [
            1.0,
            1.0,
            1.0
        ],
        "key : 0Foot_R_Translate": [
            0.0,
            -0.20000000298023224,
            0.0
        ],
        "key : 0Ling_Rotate": [
            0.0,
            0.0,
            0.0
        ],
        "key : 0Ling_Scale": [
            5.0,
            5.0,
            5.0
        ],
        "key : 0Ling_Translate": [
            0.0,
            -10.0,
            0.0
        ],
        "key : 0RotateSpeed": 0.05000000074505806,
        "key : 1AnimationTime": 2.1500000953674316,
        "key : 1Arm_L_Rotate": [
            0.75,
            0.800000011920929,
            0.0
        ],
        "key : 1Arm_L_Scale": [
            1.0,
            1.0,
            1.0
        ],
        "key : 1Arm_L_Translate": [
            -0.22499999403953552,
            -0.4000000059604645,
            0.0
        ],
        "key : 1Arm_R_Rotate": [
            0.75,
            -0.800000011920929,
            0.0
        ],
        "key : 1Arm_R_Scale": [
            1.0,
            1.0,
            1.0
        ],
        "key : 1Arm_R_Translate": [
            0.22499999403953552,
            -0.4000000059604645,
            0.0
        ],
        "key : 1Body_Rotate": [
            -0.4000000059604645,
            0.0,
            0.0
        ],
        "key : 1Body_Scale": [
            1.0,
            1.0,
            1.0
        ],
        "key : 1Body_Translate": [
            0.0,
            0.30000001192092896,
            0.0
        ],
        "key : 1EasingType": 3,
        "key : 1Eye_Rotate": [
            0.0,
            0.0,
            0.0
        ],
        "key : 1Eye_Scale": [
            1.0,
            1.0,
            1.0
        ],
        "key : 1Eye_Translate": [
            0.0,
            0.0,
            0.0
        ],
        "key : 1Foot_L_Rotate": [
            0.8999999761581421,
            -1.149999976158142,
            0.0
        ],
        "key : 1Foot_L_Scale": [
            1.0,
            1.0,
            1.0
        ],
        "key : 1Foot_L_Translate": [
            0.0,
            -0.20000000298023224,
            0.0
        ],
        "key : 1Foot_R_Rotate": [
            0.8999999761581421,
            1.149999976158142,
            0.0
        ],
        "key : 1Foot_R_Scale": [
            1.0,
            1.0,
            1.0
        ],
        "key : 1Foot_R_Translate": [
            0.0,
            -0.20000000298023224,
            0.0
        ],
        "key : 1Ling_Rotate": [
            0.0,
            0.0,
            0.0
        ],
        "key : 1Ling_Scale": [
            5.0,
            5.0,
            5.0
        ],
        "key : 1Ling_Translate": [
            0.0,
            -9.5,
            0.0
        ],
        "key : 1RotateSpeed": 0.05000000074505806
    }
}
