{
    "Title": {
        "KeyCount": 2,
        "key : 0AnimationTime": 1.0,
        "key : 0Arm_L_Rotate": [
            -0.25,
            1.25,
            -0.800000011920929
        ],
        "key : 0Arm_L_Scale": [
            1.0,
            1.0,
            1.0
        ],
        "key : 0Arm_L_Translate": [
            0.15000000596046448,
            -0.15000000596046448,
            0.0
        ],
        "key : 0Arm_R_Rotate": [
            -0.25,
            -1.25,
            0.800000011920929
        ],
        "key : 0Arm_R_Scale": [
            1.0,
            1.0,
            1.0
        ],
        "key : 0Arm_R_Translate": [
            -0.15000000596046448,
            -0.15000000596046448,
            0.0
        ],
        "key : 0Body_Rotate": [
            0.23499999940395355,
            0.0,
            0.0
        ],
        "key : 0Body_Scale": [
            1.0,
            0.9750000238418579,
            1.0
        ],
        "key : 0Body_Translate": [
            0.0,
            0.02500000037252903,
            0.0
        ],
        "key : 0EasingType": 3,
        "key : 0Eye_Rotate": [
            0.0,
            0.0,
            0.0
        ],
        "key : 0Eye_Scale": [
            1.0,
            0.8500000238418579,
            1.0
        ],
        "key : 0Eye_Translate": [
            0.0,
            0.0,
            0.0
        ],
        "key : 0Foot_L_Rotate": [
            1.5499999523162842,
            -0.550000011920929,
            0.0
        ],
        "key : 0Foot_L_Scale": [
            1.0,
            1.0,
            1.0
        ],
        "key : 0Foot_L_Translate": [
            -0.10000000149011612,
            -0.44999998807907104,
            -0.550000011920929
        ],
        "key : 0Foot_R_Rotate": [
            1.399999976158142,
            0.550000011920929,
            0.0
        ],
        "key : 0Foot_R_Scale": [
            1.0,
            1.0,
            1.0
        ],
        "key : 0Foot_R_Translate": [
            0.10000000149011612,
            -0.44999998807907104,
            -0.550000011920929
        ],
        "key : 0Ling_Rotate": [
            0.0,
            0.0,
            0.0
        ],
        "key : 0Ling_Scale": [
            1.0,
            1.0,
            1.0
        ],
        "key : 0Ling_Translate": [
            0.0,
            0.0,
            0.0
        ],
        "key : 0RotateSpeed": 0.05000000074505806,
        "key : 1AnimationTime": 1.0,
        "key : 1Arm_L_Rotate": [
            0.0,
            1.25,
            -0.800000011920929
        ],
        "key : 1Arm_L_Scale": [
            1.0,
            1.0,
            1.0
        ],
        "key : 1Arm_L_Translate": [
            0.15000000596046448,
            -0.15000000596046448,
            0.0
        ],
        "key : 1Arm_R_Rotate": [
            0.0,
            -1.25,
            0.800000011920929
        ],
        "key : 1Arm_R_Scale": [
            1.0,
            1.0,
            1.0
        ],
        "key : 1Arm_R_Translate": [
            -0.15000000596046448,
            -0.15000000596046448,
            0.0
        ],
        "key : 1Body_Rotate": [
            0.20000000298023224,
            0.0,
            0.0
        ],
        "key : 1Body_Scale": [
            1.0,
            0.949999988079071,
            1.0
        ],
        "key : 1Body_Translate": [
            0.0,
            -0.05000000074505806,
            0.0
        ],
        "key : 1EasingType": 3,
        "key : 1Eye_Rotate": [
            0.0,
            0.0,
            0.0
        ],
        "key : 1Eye_Scale": [
            1.0,
            1.0,
            1.0
        ],
        "key : 1Eye_Translate": [
            0.0,
            0.0,
            0.0
        ],
        "key : 1Foot_L_Rotate": [
            1.399999976158142,
            -0.550000011920929,
            0.0
        ],
        "key : 1Foot_L_Scale": [
            1.0,
            1.0,
            1.0
        ],
        "key : 1Foot_L_Translate": [
            -0.10000000149011612,
            -0.44999998807907104,
            -0.550000011920929
        ],
        "key : 1Foot_R_Rotate": [
            1.5499999523162842,
            0.550000011920929,
            0.0
        ],
        "key : 1Foot_R_Scale": [
            1.0,
            1.0,
            1.0
        ],
        "key : 1Foot_R_Translate": [
            0.10000000149011612,
            -0.44999998807907104,
            -0.550000011920929
        ],
        "key : 1Ling_Rotate": [
            0.0,
            0.0,
            0.0
        ],
        "key : 1Ling_Scale": [
            1.0,
            1.0,
            1.0
        ],
        "key : 1Ling_Translate": [
            0.0,
            0.0,
            0.0
        ],
        "key : 1RotateSpeed": 0.05000000074505806,
        "key : 2AnimationTime": 1.0,
        "key : 2Arm_L_Rotate": [
            0.0,
            0.0,
            0.0
        ],
        "key : 2Arm_L_Scale": [
            1.0,
            1.0,
            1.0
        ],
        "key : 2Arm_L_Translate": [
            0.0,
            0.0,
            0.0
        ],
        "key : 2Arm_R_Rotate": [
            0.0,
            0.0,
            0.0
        ],
        "key : 2Arm_R_Scale": [
            1.0,
            1.0,
            1.0
        ],
        "key : 2Arm_R_Translate": [
            0.0,
            0.0,
            0.0
        ],
        "key : 2Body_Rotate": [
            0.0,
            0.0,
            0.0
        ],
        "key : 2Body_Scale": [
            1.0,
            1.0,
            1.0
        ],
        "key : 2Body_Translate": [
            0.0,
            0.0,
            0.0
        ],
        "key : 2EasingType": 0,
        "key : 2Eye_Rotate": [
            0.0,
            0.0,
            0.0
        ],
        "key : 2Eye_Scale": [
            1.0,
            1.0,
            1.0
        ],
        "key : 2Eye_Translate": [
            0.0,
            0.0,
            0.0
        ],
        "key : 2Foot_L_Rotate": [
            0.0,
            0.0,
            0.0
        ],
        "key : 2Foot_L_Scale": [
            1.0,
            1.0,
            1.0
        ],
        "key : 2Foot_L_Translate": [
            0.0,
            0.0,
            0.0
        ],
        "key : 2Foot_R_Rotate": [
            0.0,
            0.0,
            0.0
        ],
        "key : 2Foot_R_Scale": [
            1.0,
            1.0,
            1.0
        ],
        "key : 2Foot_R_Translate": [
            0.0,
            0.0,
            0.0
        ],
        "key : 2Ling_Rotate": [
            0.0,
            0.0,
            0.0
        ],
        "key : 2Ling_Scale": [
            1.0,
            1.0,
            1.0
        ],
        "key : 2Ling_Translate": [
            0.0,
            0.0,
            0.0
        ],
        "key : 2RotateSpeed": 0.05000000074505806
    }
}
